-- phpMyAdmin SQL Dump
-- version 5.2.0
-- https://www.phpmyadmin.net/
--
-- Host: 127.0.0.1
-- Generation Time: Oct 14, 2023 at 02:20 AM
-- Server version: 10.4.24-MariaDB
-- PHP Version: 7.4.29

SET SQL_MODE = "NO_AUTO_VALUE_ON_ZERO";
START TRANSACTION;
SET time_zone = "+00:00";


/*!40101 SET @OLD_CHARACTER_SET_CLIENT=@@CHARACTER_SET_CLIENT */;
/*!40101 SET @OLD_CHARACTER_SET_RESULTS=@@CHARACTER_SET_RESULTS */;
/*!40101 SET @OLD_COLLATION_CONNECTION=@@COLLATION_CONNECTION */;
/*!40101 SET NAMES utf8mb4 */;

--
-- Database: `pengaduan_masyarakat`
--

-- --------------------------------------------------------

--
-- Table structure for table `masyarakat`
--

CREATE TABLE `masyarakat` (
  `nik` char(16) NOT NULL,
  `nama` varchar(35) NOT NULL,
  `username` varchar(25) NOT NULL,
  `password` varchar(32) NOT NULL,
  `telp` varchar(13) NOT NULL
) ENGINE=InnoDB DEFAULT CHARSET=utf8mb4;

--
-- Dumping data for table `masyarakat`
--

INSERT INTO `masyarakat` (`nik`, `nama`, `username`, `password`, `telp`) VALUES
('123', 'drew', 'drew', 'b2dd08a69dcdac5a20a7b90b5c4b759f', '123'),
('676767', 'andrew', 'andrew', 'd914e3ecf6cc481114a3f534a5faf90b', '67865645');

-- --------------------------------------------------------

--
-- Table structure for table `pengaduan`
--

CREATE TABLE `pengaduan` (
  `id_pengaduan` int(11) NOT NULL,
  `tgl_pengaduan` date NOT NULL,
  `nik` char(16) NOT NULL,
  `isi_laporan` text NOT NULL,
  `foto` varchar(255) NOT NULL,
  `status` enum('0','proses','selesai') NOT NULL
) ENGINE=InnoDB DEFAULT CHARSET=utf8mb4;

--
-- Dumping data for table `pengaduan`
--

INSERT INTO `pengaduan` (`id_pengaduan`, `tgl_pengaduan`, `nik`, `isi_laporan`, `foto`, `status`) VALUES
(1, '2023-02-27', '123', 'laporan1', 'assa.png', 'selesai'),
(2, '2023-02-27', '123', 'laporan2', '232-2322275_the-birth-of-the-phoenix-phoenix-logo.jpg.png', 'proses'),
(3, '2023-02-27', '123', 'laporan 3', '1920x1080-px-code-coding-programming-simple-background-anime-ah-my-goddess-hd-art-wallpaper-thumb.jpg', 'selesai'),
(4, '2023-03-01', '123', 'jl rusak', '232-2322275_the-birth-of-the-phoenix-phoenix-logo.jpg.png', 'selesai'),
(5, '2023-03-03', '123', 'sdjskd', '232-2322275_the-birth-of-the-phoenix-phoenix-logo.jpg.png', 'selesai');

-- --------------------------------------------------------

--
-- Table structure for table `petugas`
--

CREATE TABLE `petugas` (
  `id_petugas` int(11) NOT NULL,
  `nama_petugas` varchar(35) NOT NULL,
  `username` varchar(25) NOT NULL,
  `password` varchar(32) NOT NULL,
  `telp` varchar(13) NOT NULL,
  `level` enum('admin','petugas') NOT NULL
) ENGINE=InnoDB DEFAULT CHARSET=utf8mb4;

--
-- Dumping data for table `petugas`
--

INSERT INTO `petugas` (`id_petugas`, `nama_petugas`, `username`, `password`, `telp`, `level`) VALUES
(1, 'messi', 'admin', '21232f297a57a5a743894a0e4a801fc3', '08909890', 'admin'),
(2, 'andrew', 'petugas', 'afb91ef692fd08c445e8cb1bab2ccf9c', '08909890', 'petugas'),
(11, 'petugas3', 'petugas2', 'ac5604a8b8504d4ff5b842480df02e91', '9999', 'petugas'),
(12, 'ZXC', 'petugas3', 'afb91ef692fd08c445e8cb1bab2ccf9c', '089372635263', 'petugas');

-- --------------------------------------------------------

--
-- Table structure for table `tanggapan`
--

CREATE TABLE `tanggapan` (
  `id_tanggapan` int(11) NOT NULL,
  `id_pengaduan` int(11) NOT NULL,
  `tgl_tanggapan` date NOT NULL,
  `tanggapan` text NOT NULL,
  `id_petugas` int(11) NOT NULL
) ENGINE=InnoDB DEFAULT CHARSET=utf8mb4;

--
-- Dumping data for table `tanggapan`
--

INSERT INTO `tanggapan` (`id_tanggapan`, `id_pengaduan`, `tgl_tanggapan`, `tanggapan`, `id_petugas`) VALUES
(1, 1, '2023-02-27', 'selesai', 1),
(2, 2, '2023-02-27', 'siap', 2),
(3, 3, '2023-02-27', 'ok', 1),
(4, 4, '2023-03-01', 'ok', 1),
(5, 5, '2023-03-03', 'selesai ya', 1);

--
-- Indexes for dumped tables
--

--
-- Indexes for table `masyarakat`
--
ALTER TABLE `masyarakat`
  ADD PRIMARY KEY (`nik`);

--
-- Indexes for table `pengaduan`
--
ALTER TABLE `pengaduan`
  ADD PRIMARY KEY (`id_pengaduan`),
  ADD KEY `nik` (`nik`);

--
-- Indexes for table `petugas`
--
ALTER TABLE `petugas`
  ADD PRIMARY KEY (`id_petugas`);

--
-- Indexes for table `tanggapan`
--
ALTER TABLE `tanggapan`
  ADD PRIMARY KEY (`id_tanggapan`),
  ADD KEY `id_pengaduan` (`id_pengaduan`),
  ADD KEY `id_petugas` (`id_petugas`);

--
-- AUTO_INCREMENT for dumped tables
--

--
-- AUTO_INCREMENT for table `pengaduan`
--
ALTER TABLE `pengaduan`
  MODIFY `id_pengaduan` int(11) NOT NULL AUTO_INCREMENT, AUTO_INCREMENT=7;

--
-- AUTO_INCREMENT for table `petugas`
--
ALTER TABLE `petugas`
  MODIFY `id_petugas` int(11) NOT NULL AUTO_INCREMENT, AUTO_INCREMENT=13;

--
-- AUTO_INCREMENT for table `tanggapan`
--
ALTER TABLE `tanggapan`
  MODIFY `id_tanggapan` int(11) NOT NULL AUTO_INCREMENT, AUTO_INCREMENT=6;

--
-- Constraints for dumped tables
--

--
-- Constraints for table `pengaduan`
--
ALTER TABLE `pengaduan`
  ADD CONSTRAINT `pengaduan_ibfk_1` FOREIGN KEY (`nik`) REFERENCES `masyarakat` (`nik`) ON DELETE CASCADE ON UPDATE CASCADE;

--
-- Constraints for table `tanggapan`
--
ALTER TABLE `tanggapan`
  ADD CONSTRAINT `tanggapan_ibfk_1` FOREIGN KEY (`id_pengaduan`) REFERENCES `pengaduan` (`id_pengaduan`) ON DELETE CASCADE ON UPDATE CASCADE,
  ADD CONSTRAINT `tanggapan_ibfk_2` FOREIGN KEY (`id_petugas`) REFERENCES `petugas` (`id_petugas`) ON DELETE CASCADE ON UPDATE CASCADE;
COMMIT;

/*!40101 SET CHARACTER_SET_CLIENT=@OLD_CHARACTER_SET_CLIENT */;
/*!40101 SET CHARACTER_SET_RESULTS=@OLD_CHARACTER_SET_RESULTS */;
/*!40101 SET COLLATION_CONNECTION=@OLD_COLLATION_CONNECTION */;
